sdpgz3five4seven6fiveh,354765,3,5,35
876mbxbrntsfm,876,8,6,86
fivek5mfzrdxfbn66nine8eight,5566988,5,8,58
554qdg,554,5,4,54
ninevsgxnine6threesix8,996368,9,8,98
4fivehmg614five,456145,4,5,45
three6sdnttwothree3,36233,3,3,33
two26four2,22642,2,2,22
586dntdbtmfourrjnjdzptcfrpr3,58643,5,3,53
dgkclmseven8,78,7,8,78
onepeight8sqzkrvvn,188,1,8,18
ninednnsjeight5c9hkzkhrgzcz4,98594,9,4,94
42pchdjlnsxr688pvlgsr,42688,4,8,48
vmzkvb5six4fiveg2,56452,5,2,52
517fourone7kthdrcxm,517417,5,7,57
sevenfourjgtwocsqzfbsqvb9flrlzxpx,7429,7,9,79
3jqdxrqqzhkgg2fourthree9four,324394,3,4,34
qjgfbnqjeight4onejm84sevensix,8418476,8,6,86
pgvthree1six15nineoneone,31615911,3,1,31
56ninefivefhnmmh5fdqcvttpsjseven2,5695572,5,2,52
sixtrvj12twomq,6122,6,2,62
2jmxzzm9xhxmndgbhjlblhsnine75,29975,2,5,25
pckdqrp8pgnmkgv9onetwoxlk,8912,8,2,82
73mrflhnfzfxjqrqznj2,732,7,2,72
tfourninegnjhhdzsix6sevenfive,496675,4,5,45
35zrgthreetwonesz,35321,3,1,31
9fivebstlx42,9542,9,2,92
6threenine,639,6,9,69
threebscrccrt94four3gvqdkdtjphmnmmf2,394432,3,2,32
3seventwo3jmzxfmcnvjbnsgbgktwo,37232,3,2,32
vhljqhzpbtxcssix3dbvttwo,632,6,2,62
4ninefour6sixpccqltcpvh,49466,4,6,46
5fourthreejngfour,5434,5,4,54
33rgkkfiveeight4xq,33584,3,4,34
sixklhpptnnk8qvgbdcn,68,6,8,68
3bdtsjdfbmv8eightseven9sixqgfcmfpcone,3887961,3,1,31
vhckknzlvcpfvttnmnk5zcvs1eightnine,5189,5,9,59
qheightwophxbnlv5nine8bknvnkdbps,82598,8,8,88
7eight3gccqdgrltpkpt,783,7,3,73
qvjqtqffvtp2six,26,2,6,26
eight5ntzknggp5,855,8,5,85
eightone6fourkf,8164,8,4,84
vlksmsxsljlnhtwo3mrc3five,2335,2,5,25
one2eight,128,1,8,18
bqnjmjsznc67tdvtpdt,67,6,7,67
8five57sixfive,855765,8,5,85
one4zhhlncnbncvzrsbsslnh,14,1,4,14
nqdftnsevenonellvpsdhrnrtrdjhbqscpd78,7178,7,8,78
1fivefourffm3eightlcssevenclsjtb,154387,1,7,17
7mqqgglzqmpk415gcggplprone1,741511,7,1,71
2jprlqkpb1sixhfbvzjrgsrpjzbhtgrhpfour2,21642,2,2,22
9twotwoqlvkrkhjthree44shvjxkpjgzgphgprflvn,922344,9,4,94
eightgsonefivefive2,81552,8,2,82
7sixmpnbgtmzrdbfive41,76541,7,1,71
tkrcfive2eight23four,528234,5,4,54
vgbqvj5mjplnfdsqpfone2hpxz,512,5,2,52
kvl7onehdvvfdghbsngrgn,71,7,1,71
tlsbhjblnpdlrtfour6btjcfmgdvtfive,465,4,5,45
6qnfivehnt31qcpmnhx,6531,6,1,61
onesnqrgxstfmzhtln5bnldmvlqzsh,15,1,5,15
fourgn5fourggbddjsj34zncxtmxxvsvs,45434,4,4,44
4lnr6xjkpzdgvsevengplkjdjtns,467,4,7,47
hzfplpdt9,9,9,9,99
sf2twolj8,228,2,8,28
6zghkzbfdjctpfp1,61,6,1,61
eight65,865,8,5,85
tvzmxzstsixmkvjkjl6eightninefour,66894,6,4,64
fivephplggzkmfivetjfourmvcpnjxfvg58eightwoc,5545882,5,2,52
1fivehpleightfivethree4,158534,1,4,14
zeightwo8,828,8,8,88
1jfcztzr5sixoneshmlpgtwofour,156124,1,4,14
3zksglknjmvqfqhfiveeight76onemldlltn,358761,3,1,31
9four4vtg32srrbqfczmnxdchtbvc,94432,9,2,92
csdb92sevenvsnxdbd,927,9,7,97
4sevenseven6,4776,4,6,46
8two8rm3fkbsvphhdrznine,82839,8,9,89
trp149zxzrkk,149,1,9,19
948two9ninenine,9482999,9,9,99
cbmfivetwoninekqbkhkddc3rlfxlfh,5293,5,3,53
btvcshj4seven,47,4,7,47
964sjxonesixgcjxmtnine,964169,9,9,99
nb83fivegxnvxxrstqnine,8359,8,9,89
fgoneightljvnfour5gfsix4sevensixt,18456476,1,6,16
6one97,6197,6,7,67
three3two3sixtwoeight,3323628,3,8,38
kxonesix59xtmbqd5,16595,1,5,15
dfqfcbv5mjeight,58,5,8,58
nine2nqhrsvkvzzkkvnn6oneightlbq,92618,9,8,98
eight8rztdlm,88,8,8,88
ttcfdskrxlqlggmgfourthree11two4eightwopgz,43112482,4,2,42
8seventwooneightfcj,87218,8,8,88
bmt8nine,89,8,9,89
rjzkjlgone7four2cffkgq6eightccsmvxhkk,174268,1,8,18
6qkdznvrcdltdgpn75vvmvf,675,6,5,65
tcjhrgtlsixjsrbxdnseven3hkd2pnklcmshsf,6732,6,2,62
mzptwone7onethree4tzthree,2171343,2,3,23
1sixgnvzbhscjgcr1gxfzpm,161,1,1,11
15twoqzplbsmfcnznrgrnthreetwo4,152324,1,4,14
six815eightbdrone5five,68158155,6,5,65
three9pp21h3hzzg,39213,3,3,33
fivetwothreezdhthree2dggsdgfdrx,52332,5,2,52
mrqpblvqvfour5zkvvfjjbr8plzkh,458,4,8,48
cnxdvg8,8,8,8,88
pzxeightwogxxmtgs6,826,8,6,86
zcddqkhkjlfive4onexkdggcbfbqzxhfxqnb6,5416,5,6,56
3jqncxxjjz7,37,3,7,37
bcntgllhg4,4,4,4,44
9sixpbgnine,969,9,9,99
eightsevensixfive45861,876545861,8,1,81
qhrqsppdxdnseventwo3fiveeightfour,723584,7,4,74
fiveeight9,589,5,9,59
qvbvjzbfzrtcsxdrsxlr1fourjtqckdjg3,143,1,3,13
sixfour728onethree,6472813,6,3,63
fjponeight728fourndlcrm,187284,1,4,14
8fpbcvbone8ltzprklvgdcjhhsvq3,8183,8,3,83
8sixhqmsixxqmclmgvhfive5,86655,8,5,85
sevenvvc376ckfrjjjcn,7376,7,6,76
5onelxvs,51,5,1,51
6eightjtfphvprone1ztrxq2,68112,6,2,62
6789bnfjqg,6789,6,9,69
zfrpr12two,122,1,2,12
8eight6jxmvxhchj,886,8,6,86
81fiveeightfourpxmdcfbqhf,81584,8,4,84
hpxnskbgbjm9hqllklsxq6fivecvsxvpl,965,9,5,95
xjbtp57two5onefmkbzdtwo,572512,5,2,52
five6fourhpk1twosix,564126,5,6,56
sixxkqhckjdffmsjqgt4xjtgq,64,6,4,64
five9rxrzgk1,591,5,1,51
z2seven,27,2,7,27
six6nine16three,669163,6,3,63
four66lzqjdpndp5four,46654,4,4,44
2zzsdpx6vfckpgvlprx,26,2,6,26
kmlfslspdkxp4smpqkcrdpfn,4,4,4,44
seven7xqtszl3oneninetwo3,7731923,7,3,73
ninethreegrxg78lpgstkpvckngrbd,9378,9,8,98
746eighttwo8two3five,746828235,7,5,75
one7nine2fourqctmjggsgtlvj8,179248,1,8,18
sqdvmfrssz9rglsczgbdk6djnvb,96,9,6,96
jrnkffhkdseven86xvfkvlnv1three2,786132,7,2,72
3jgjdzz887,3887,3,7,37
four6threefivetwohgfrcbtcpv1,463521,4,1,41
8nine23twozhnbn2,892322,8,2,82
3four9xmdqjnvscqvqftbbbqbgp8cpczg6,34986,3,6,36
96twoh4lrczqsvtfrj3,96243,9,3,93
hgjvlbzrdprtrfivedhhsevenfour8five,57485,5,5,55
threethree2sevenvsmlpxbsspxrgkfour2,332742,3,2,32
4threethree7ptffzx,4337,4,7,47
1eight3nktcptcs,183,1,3,13
545,545,5,5,55
2hvgvkrtqtdfk9rvnklqqjdfcvvmvx6,296,2,6,26
qhzvtqlmghjjtpcjeightgbkqjpsjqjbhseven283,87283,8,3,83
dlqnqbreight64668jjcsoneightxfn,86466818,8,8,88
84lqtmgjxgcr,84,8,4,84
118,118,1,8,18
hceightwobgcbsbtslf2onebhkdqlpvxxjpgsnmzfthree9,822139,8,9,89
fxhxhdlkfrdhfslllsevenjvzdcpkclxx6four,764,7,4,74
8ppsvxfxpbv87threefour,88734,8,4,84
lonenine4two2threenx,194223,1,3,13
xtvtjbspvcrlrhbczkqt199,199,1,9,19
glspl5fivecfzjjqjktmvcnk2,552,5,2,52
pfgcqxjkkx7sixjcgmgszzbv1gnpvjmckfour,7614,7,4,74
onebtvsctzzbxcvvvmltwotwo73,12273,1,3,13
hpxl9dgn22twordrsfk,9222,9,2,92
dsixbtsbccxgkheight6hfsix,6866,6,6,66
foursevenqztbvqhbghmtlq876two,478762,4,2,42
7sevenzdhsmmrdrmvzddp7sixeight14,7776814,7,4,74
one3fourtwoseven71,1342771,1,1,11
hbzs5threeeightjkjmkg91rsthree,538913,5,3,53
3jfshzmtdrsonejtonelmjfkkjrmhzfxttm,311,3,1,31
gvcxznvtdtgkhrvbnlqsxbdq677,677,6,7,67
ffjqbssh65mpvkpqcgvmlzsevenlrbhfourone,65741,6,1,61
77khln,77,7,7,77
21sevenhnine4fivevclbksgpxxhsz,217945,2,5,25
fldn4oneeightknbvh43xjqnnkgxv,41843,4,3,43
1fourtwo,142,1,2,12
dbvskdoneoneone44gs6,111446,1,6,16
kqvmpr16twotfvjckstvg6,1626,1,6,16
1msix522lbnt,16522,1,2,12
2eightlgsfcttnchptgq1eight,2818,2,8,28
onesjpcjmss15vqlzlkfqtpmmrkkbseventwo,11572,1,2,12
1pqzgkhhfltwozqls,12,1,2,12
28twothreelmgqkpnfourfivex3,2823453,2,3,23
eightxvjtsevensevenpcrjtfcllzeight3mbjdjnklgxzzfdz,87783,8,3,83
8brsfjhmbjl9hn,89,8,9,89
4eight68fivesix7,4868567,4,7,47
ninethree3,933,9,3,93
eightone4,814,8,4,84
nhhrrvvcr5oneninesix,5196,5,6,56
8fourdzzbsxlsnlqfsjjjlf,84,8,4,84
one866onemgzhsix,186616,1,6,16
stwo56tj4two8,256428,2,8,28
9fourndxfjdptt,94,9,4,94
hgvxgninelbvvttxlqpljt77one,9771,9,1,91
9sixsixbhtqsfgt,966,9,6,96
tworvghztldrhz98xgdgkbpfj,298,2,8,28
vfhtlmxkeightsxpfcvbvmmms5txnktxhj5,855,8,5,85
1njpfjngfone,11,1,1,11
nine4xcjdsmbdl,94,9,4,94
tdzjr493threeeight1,493381,4,1,41
9eightgmcc,98,9,8,98
dsmr83svmgltgkkzpvtfmdgfjff2,832,8,2,82
qtm7four6fivejmbcnrfpv3pffqsrmcd,74653,7,3,73
7zdmrnshs843sixfourfourfxxg,7843644,7,4,74
d898two66eightbrfrxmvx,8982668,8,8,88
11twophvzjqhslk3ppcbqxpxq,1123,1,3,13
sevenqrfrngkndc8lrmtj3zhczpcrhxfjxrdp2,7832,7,2,72
brbpcldn7sevenone2six9,771269,7,9,79
jgsjnqjgmfcs7fourfive7dbtqsvj,7457,7,7,77
2bb7hrtgbxsn5,275,2,5,25
xqvhhlzkninexhgvfvfrpgjq812,9812,9,2,92
17eighthggxphbzz8zxlcxdrvvkxgb39,178839,1,9,19
4sixglxd,46,4,6,46
dkeightwo1xmfjmvxxmglbsgkbphrll,821,8,1,81
558gprdd,558,5,8,58
kzjnpmthree3three,333,3,3,33
dkpjssgpsgglngk6zfrktlgchtqxbzcgxb,6,6,6,66
24four92fivegccfourxcnl,2449254,2,4,24
5xjc,5,5,5,55
vhmxtlhcrlrk59jgsix3,5963,5,3,53
59twokqpjp,592,5,2,52
threefive65,3565,3,5,35
sixdnqlxcdg9six,696,6,6,66
twoxgdmq7dhcxjnxr,27,2,7,27
threelxtbtjdbtonecpxtwo5sevenfive,312575,3,5,35
fptqvt9onezqc,91,9,1,91
threec24onedxcjhninesevenbjxlhtgfmf,324197,3,7,37
sixrmjbj87sevenn,6877,6,7,67
8thltwosevenscjrsevensix9jhjvbb,827769,8,9,89
nine1bbpflkrjhgbrpeighttwoseventxfjmhjvsj,91827,9,7,97
snnddlskllxqcjtceight1gmm4tfcfccxmjg,814,8,4,84
ddjr3549,3549,3,9,39
8twoseven7kpseven2dj9,8277729,8,9,89
hsmqtbrjgs5cbxjlsnzqcdldhlv4mf1,541,5,1,51
hkdxzfjvzrxnjnbfgrg4,4,4,4,44
cnjsnqmbzrnsbsevenfour3,743,7,3,73
eight25three4five1,8253451,8,1,81
jz5jxvmfrgttkkpxffbthreefive2nsix,53526,5,6,56
4pdbdkx234,4234,4,4,44
fiveseventhree2nine1eightf,5732918,5,8,58
pvgfour284mqtx2brsqgkgjlgvpkhxmd,42842,4,2,42
bhtlhjrgv94twofour,9424,9,4,94
dbbvkdhhqheight83xqfbhtxpqtsgpqmssevenone,88371,8,1,81
one6beightfivebzgmgdq4six,168546,1,6,16
bftwonekfgfsvdfxqlzrglm5cpmkpn,215,2,5,25
five8fourtfltzzkvxzpzqhb1gvhqkcp,5841,5,1,51
2vfrzrhnfx6799,26799,2,9,29
5mndmdcjsr63,563,5,3,53
72fgbbctshbrsix3tpggclvpf9bgsc,72639,7,9,79
xdjqkrkfnh2threefvckhksevenfournx2,23742,2,2,22
nineninekfcdjmfqsrgpb61f,9961,9,1,91
5threeeightninesix1fournine,53896149,5,9,59
7dzkzn,7,7,7,77
two5twoxzngtwotwosixl,252226,2,6,26
pjmqfour81eight4,48184,4,4,44
rsjbbnqfrlppflstq3zxbhhn,3,3,3,33
rlsrv1seveneighteighttwo47,1788247,1,7,17
55sffiveseven8two39,55578239,5,9,59
675kjvqfdszmdvztvkczxbr,675,6,5,65
eightthreemrjtrfgqvsixtwo2kxnbzmnhnine,836229,8,9,89
twoseventwo9rcvqmkxdvsevenone7,2729717,2,7,27
2threesvvtztllvl52rzcscj3,23523,2,3,23
424eighttpjzxtx,4248,4,8,48
8jgfivextbkqvdhl,85,8,5,85
tqrvp1gtpczqlpvr,1,1,1,11
fsmvrkdrnine9pk,99,9,9,99
jvfdlvnvsixthree8three22,638322,6,2,62
one5jzmdfh9phqkvb,159,1,9,19
7twoneklt,721,7,1,71
5nineeightxjgtnkfxknine1twofk,598912,5,2,52
31lkhbnzckbcmxvdpmqqjtbn755,31755,3,5,35
2txsixfivezrxvkktnxlnsfive,2655,2,5,25
bkjczmrcpqjxjfx4xkxfclthzthree,43,4,3,43
eightsevenjscz7flvltvkmqkthreevqgsg,8773,8,3,83
tzlhm1lbmmnineqdpvxlv14threefour,191434,1,4,14
1eightsmkmsqbs69x7chhmdd9,186979,1,9,19
three18onexvh31sevenone,31813171,3,1,31
24sixshjtwo4,24624,2,4,24
tjphmjzvfclddbfc4foursevenone9zrckvdqn,44719,4,9,49
rbffkrsntqj2tf24gfrlzzsr4,2244,2,4,24
7ninerktmfsfoursixd,7946,7,6,76
four296six87five,42966875,4,5,45
zkrxfsvm5ninenkhc8,598,5,8,58
96mgvzrmxzpjfourlnsninenine,96499,9,9,99
threepphgrmqlxone56,3156,3,6,36
plt372,372,3,2,32
lgleightwojjvbkmhkvklscxrzpn6twovvsdzrsixxdcskxhn,82626,8,6,86
p7six,76,7,6,76
sixthree1five6sixfoureight,63156648,6,8,68
2zjfndzqqzhkvqcfljpkdntdm4,24,2,4,24
sjldrrnv6npzqdnpktkshcqfh,6,6,6,66
four369xxvbqbrgvx42,436942,4,2,42
dlqtsthreebmt91vfmjxk47jpdbkjr,39147,3,7,37
gpdxdnine76nfrszxgnine,9769,9,9,99
34seven,347,3,7,37
366tjcone6btwo,366162,3,2,32
fivelvvstsjvrxppznsxkmjr7gkpmhrsfxxvmxtlf8,578,5,8,58
six1seven,617,6,7,67
5threernlthslpdjvjv1,531,5,1,51
1ninedbzjj,19,1,9,19
oneeightrdhsfrcd7dfour,1874,1,4,14
9seven92hlssjltd2four,979224,9,4,94
934qjgrkczclghnine5kck,93495,9,5,95
hqk7pfqsbsevenseven,777,7,7,77
threefourckvkbtwomnbrcv6flqr64,342664,3,4,34
qzmfhjdvjqjkrzdsvmdhpd61xphqddjgnsthree,613,6,3,63
96zspcjsixqzbcgmjrjbtk,966,9,6,96
6bgzmtlkhpsixfournrlrvghthreeeight,66438,6,8,68
8qrvhrjlgjb3nine1ntcrx1,83911,8,1,81
4onegk959,41959,4,9,49
fcsczdfkfour9seven,497,4,7,47
ttkqsjgnrfive7vzbjr26pqlppfrxcndqlmrtpxqndgqp,5726,5,6,56
bxnxvlkhd9,9,9,9,99
46sevenvnbsqvqpcthreeninesix,467396,4,6,46
vdjltg8,8,8,8,88
five3onevtxxtseventwoeight7,5317287,5,7,57
4seven684hcvm1,476841,4,1,41
two9klzeight8,2988,2,8,28
q259,259,2,9,29
mfzsthree1,31,3,1,31
zmqfivegfqzsfxnp5tdp,55,5,5,55
zrpggrqldx221nineeightlbtjbtx,22198,2,8,28
fiveblninegkgfive3two8,595328,5,8,58
threetvlsjbmnfive83three,35833,3,3,33
tsixbqffhzfive8,658,6,8,68
ctxbssevenbrcvxt9,79,7,9,79
ft5ninetvh8,598,5,8,58
fivegdqst1two,512,5,2,52
three16oneqs,3161,3,1,31
ktfphzlgone7,17,1,7,17
884zjgkmtddggchgvfvg,884,8,4,84
fourgsnone1ninefvltlzcgcrjhrp63,411963,4,3,43
threentwo92,3292,3,2,32
xjlttwo6,26,2,6,26
nfhpnmff9foureight8,9488,9,8,98
5nineqpdkbgdfourseven1three3,5947133,5,3,53
ltnmsixnhzfnckdzpnheightnine6three,68963,6,3,63
sixthree9fourzflqn28,639428,6,8,68
dknzbthreed3,33,3,3,33
58llxmhb,58,5,8,58
3ninesixftzmeightone8,396818,3,8,38
3sconeone5,3115,3,5,35
hmq6one4kzmkzjkvn9gvfbklp,6149,6,9,69
fcmkpcjh1three6pxkmkvmm5,1365,1,5,15
rffive7sixthree1xjqxeight2,5763182,5,2,52
33nine,339,3,9,39
3six55one,36551,3,1,31
kpbnhpveight9tgx,89,8,9,89
b6pxfmcpnhgqlzgmncsix6,666,6,6,66
tprmltwovzvrseven9two4,27924,2,4,24
ntnine1575seven,915757,9,7,97
57onebk7four,57174,5,4,54
5d394lgtjbzzdtdgttgk,5394,5,4,54
4gkcone,41,4,1,41
sone177,1177,1,7,17
fourtwoeight2gcbgjqtxgdcv,4282,4,2,42
922seven75six,9227756,9,6,96
tjzzcdnmlqlsljpkfvprqqnrkeight6three6,8636,8,6,86
7fourxzltksevenclbf7vjslggfszg,7477,7,7,77
oneljktrrhpfxfpr6three55five,163555,1,5,15
xrqmxvrn356v,356,3,6,36
threenbhhxsevenztcggns5,375,3,5,35
five4eight,548,5,8,58
65twosevenone,65271,6,1,61
351twoxrmcv9,35129,3,9,39
eightstptjbkzninesixnine79gkgmvpm,896979,8,9,89
6vgltwoxcjfkvhl7psfsvkssevenrxlksjktltkmt,6277,6,7,67
fiveninefivengspsnfz3,5953,5,3,53
six5fivekonenineqnkgcpvhkr,65519,6,9,69
ngndtzrzfnssvtdeightglnxvtjkqtcgn67,867,8,7,87
3fcxqmhvzqclxqvkxqxxknslfive,35,3,5,35
1twohxrmz23seventhreefour,1223734,1,4,14
jsgdzxlbcnpcppgdrhxjkrpnine5two2rh5,95225,9,5,95
541onetwoone9,5411219,5,9,59
three672,3672,3,2,32
858sevenbvdtqvrzrf,8587,8,7,87
3bptkpprssevenbtbmsvzmntnhtnqdddfrchhhfour,374,3,4,34
5qxzkpnninegrdtrjvkrfive668,595668,5,8,58
dbsmtnhknineseven8,978,9,8,98
eight6ninefourcrfqnlvfour,86944,8,4,84
two1two7ninehqmz,21279,2,9,29
9fivekhnine,959,9,9,99
rlfff265eight,2658,2,8,28
5jtshhjcjkvfive,55,5,5,55
eight73934six,8739346,8,6,86
gnzpnineonedzdm3ninedlmdrng,9139,9,9,99
rxvmnklbfthree1sixfour,3164,3,4,34
eight1vc54qhdcgseven,81547,8,7,87
ninenllv48hpdvqxpnfivenineseven,948597,9,7,97
tjsmjlteightfivecxvfpxn3,853,8,3,83
xtddxtcxklrnpvtjsv5eight991twotwo,5899122,5,2,52
8dtlvdjclfive134,85134,8,4,84
four4fouronecseven,44417,4,7,47
5nine8onebsmnnphb,5981,5,1,51
9fivemqone,951,9,1,91
394eight,3948,3,8,38
zgpzcvslj652rkdptfm,652,6,2,62
hnktnnvxjljtmg55,55,5,5,55
s9tzgbhfknkvqpthbbshckc38fdkh,938,9,8,98
nineonegthreendtzvseven7chtclt,91377,9,7,97
qctcphbsxmldvfourbbcphcszdmdghsssrspbjxgclpkjnine9vblnzjsvrj,499,4,9,49
tvthree18sixeight,31868,3,8,38
8lghseven9,879,8,9,89
nhdlg32qbmbmsksql392twonelr,3239221,3,1,31
s4nineone,491,4,1,41
3eight6mn7j,3867,3,7,37
six4bnntqxjbql4,644,6,4,64
fourdzdccrkmjjmknxnf7eightkjvrlzqtm4,4784,4,4,44
3tfxlpzjxjfour7one7eight5c,3471785,3,5,35
pcbtb7zvtzdnzjn,7,7,7,77
eightbjmrjmdfdeight6dhdzgfvggn,886,8,6,86
five725,5725,5,5,55
47659fblbqrbbzrthreefsn,476593,4,3,43
nsxkcxp1fivethreehxq3,1533,1,3,13
2eightvbpzttsqgronesix5,28165,2,5,25
sixsix3zbtfsxhsjm8fivemmdhc6,663856,6,6,66
three94one,3941,3,1,31
pngbhg12,12,1,2,12
sixfsp1fiveseven,6157,6,7,67
6five9two,6592,6,2,62
577x56ttnrdm,57756,5,6,56
mrqhz3cl5one7twosix,351726,3,6,36
6vxcjd1dgvssttpbf,61,6,1,61
3cmxjhgxkbx4qxseightfivevclpvvt8gkcqq,34858,3,8,38
sevenone49lzllzfxd,7149,7,9,79
two3seven7vdclqnvfive3four,2377534,2,4,24
6sevenfoursevenone9,674719,6,9,69
85eightpqeightwojmh,85882,8,2,82
92three,923,9,3,93
twocfhbzdsixfive6ltnxjkz,2656,2,6,26
84bfkfvxbp,84,8,4,84
4jkeight,48,4,8,48
83lcktgpntfourxgptpql,834,8,4,84
eightsevenznvjqj2ktckonecgslpdg,8721,8,1,81
2onevkbhhltxppxhthfvrmkbxthree3,2133,2,3,23
43grghdqconeoneseven,43117,4,7,47
fivefsgzsvltdqpgxfdfxdxt6four4,5644,5,4,54
eightcds3rpjdqvhqgjninethree,8393,8,3,83
hb16sbg5ghglgqjcztdsdxfpk,165,1,5,15
foursix8five,4685,4,5,45
9tworxpkbnnvzdzgtq9ssgsbfbrrqtwo,9292,9,2,92
1jrtvfvbzd,1,1,1,11
five9threetwokdzmkfbkqggvrthpljm,5932,5,2,52
3threeznps8fourvpfcxtjqpmnine,33849,3,9,39
qxvqqntcpnfourseven1lfblgmmxsevenfpxjqbskgdonesixtwonezct,47171621,4,1,41
threefvqjfknqntzmtdkz8,38,3,8,38
56sixzmshnfdgd4,5664,5,4,54
twotwo1bbsbsixhrhlrvz6,22166,2,6,26
75c,75,7,5,75
three23four29,323429,3,9,39
4five182btnjxqtvtd,45182,4,2,42
54dhhg7nine,5479,5,9,59
497hhtgmprmvkthdtwo,4972,4,2,42
35onelgvtxqxrvq5nineone,351591,3,1,31
1tggrpnsch432sixhc21,1432621,1,1,11
155cdjntgmmjms9psszbgfv,1559,1,9,19
8jxqjcrhfchvnsixkcnqvjdsixsixjdsvc,8666,8,6,86
one8six6,1866,1,6,16
twovfghzcgsrznk1three2threeqlshlztdroneightm,2132318,2,8,28
1xppptflnineeighteightnn617,1988617,1,7,17
svpnine6jhqslblrzqonetkrxddjk,961,9,1,91
2rnxbqrrfiveoneightgsc,2518,2,8,28
two5gcmkhxvklknthreethree,2533,2,3,23
6onesixvnfxnfrh537one,6165371,6,1,61
sevenninetwo2eightthree,792283,7,3,73
five2four2nine2xlz7kkbdtlp,5242927,5,7,57
pzdtwone9eight63fivercztdbnbfournine1,2198635491,2,1,21
4sevenxnzvsjzj5three,4753,4,3,43
37ninegkzrsbcbtwohrseight,37928,3,8,38
5threeqklhpbzmmjgqnpkfldcsixgsfj9oneightml,536918,5,8,58
4threevpsrffive2,4352,4,2,42
rmbxxtwo5twofive1sixeight,2525168,2,8,28
72glqq2tjknnhlxlnpntrrjbc,722,7,2,72
34threehdrchqmzcdjcckg23,34323,3,3,33
b4487,4487,4,7,47
7one7,717,7,7,77
twosevennine55one19gcgxs,27955119,2,9,29
44npfpjn7,447,4,7,47
8htmkzqhht9,89,8,9,89
26zzkbq3ninemdhntftfprqvnvshzdqfnine,26399,2,9,29
five7onefour2lhpgscf7ffmhgp,571427,5,7,57
pxqp5onebmmnljxssnine48nqhz,51948,5,8,58
six1nine,619,6,9,69
seven4cdknfkdhvbone6foureightseven1,74164871,7,1,71
twooneseventwoxzhlnfgthzffz9,21729,2,9,29
bnvzpzlmp4five1,451,4,1,41
dddcjrmbeight8nine,889,8,9,89
six3rglfhkthree1jlddcddtfsix,63316,6,6,66
1rxfourxfszvlq6eightsixqbhgrrhll1,146861,1,1,11
eightfour25,8425,8,5,85
15fournfourtbdnrjmf,1544,1,4,14
ftrvckp47slrbnkkneightxqqs5,4785,4,5,45
5ninesix,596,5,6,56
mgddc66onezjppzml6oneightvv,661618,6,8,68
zknine7nine8three,97983,9,3,93
kmkkfiveltrflvxdcxtworsfiveeight3,52583,5,3,53
oneonemn7oneone,11711,1,1,11
mxcchzfxseventhreehhqjthree1,7331,7,1,71
jvnineone6fgzxqszthreetwo,91632,9,2,92
ninegx9five2two1four6,99522146,9,6,96
2xzgxhh,2,2,2,22
811vqn,811,8,1,81
hxqmnfcvbctsvrfgs5xvzeightrbrfq5ksqcxxmrs,585,5,5,55
8xqxzq1six7fivezbskvznxx,81675,8,5,85
16seven5,1675,1,5,15
onenfdmcxtddscbmgvksseven6eight,1768,1,8,18
xbnmkjgdpbqgnxhdjninesk4,94,9,4,94
xdmmqpn5lhvhvjmxtone,51,5,1,51
three2994plmtrfqstmfive,329945,3,5,35
one3367nine,133679,1,9,19
fourfour3khgmtcctvfj11fpcqvnine,443119,4,9,49
48fourmxxfour,4844,4,4,44
five8dtcqjjrcrg1three,5813,5,3,53
drhjrf8eightthreebxgs,883,8,3,83
onesixdht2vrmgnzdbj1three,16213,1,3,13
gpfglhctmxzm9fcxlgtsixseven,967,9,7,97
6rrrpl,6,6,6,66
seven1six5bfjpmqc,7165,7,5,75
k87rsxpsjx1mjxsdchjlqseven4seven,871747,8,7,87
8three1,831,8,1,81
sixfrbvgcvvxm5,65,6,5,65
zzf599,599,5,9,59
soneightthreeeight26fourhjxfxjg,1838264,1,4,14
94nine4nine2dmg,949492,9,2,92
98sevennine,9879,9,9,99
sixdkcpjglgkjnine9vphg2fivehlggxbnjx,69925,6,5,65
sixthreevphh8,638,6,8,68
kdtwoneseveneight5211,21785211,2,1,21
txjsmlrsix72ljpkpnmgbnkckpvgtfx3tdkmslsix,67236,6,6,66
45oneseven,4517,4,7,47
4sixdgsixtwo7,46627,4,7,47
ninethree3kmzs,933,9,3,93
5blqnxkkjxp,5,5,5,55
3khcjgxghgdqkjfthreeone,331,3,1,31
tnst57,57,5,7,57
8sixvvsxxmvmtwofourfjhtks4pdnccx1,862441,8,1,81
3fiveoneonezghfkxpsnkggld1,35111,3,1,31
9pkmpxrxlvz,9,9,9,99
sixmlqb2,62,6,2,62
6cssvpsffour15gsqvv8six,641586,6,6,66
ngsz1,1,1,1,11
9eightninejkd882,989882,9,2,92
rsftptwo41sixp6eight9,2416689,2,9,29
eight9988threecjeighttwo,89988382,8,2,82
tworf5nine969,259969,2,9,29
6oneeightwod,6182,6,2,62
threeqgcdsdvksix8four52,368452,3,2,32
ktwone7fourtpskssrdsrsevenffpxshtksvzxffour,217474,2,4,24
qlrmxzg2six,26,2,6,26
sldmxllptp36zeightvh3,3683,3,3,33
onefive8zkvnnzkglzfpsfl,158,1,8,18
dzbnthsjtm8sixroneightcx,8618,8,8,88
gcxgtsrpsv3ggcxqghc,3,3,3,33
1rsgjmfprrtwosvbscszlmgmq8,128,1,8,18
six9three,693,6,3,63
eighttpvjjstnkgone36,8136,8,6,86
jrxvfivetsdmjmkz477,5477,5,7,57
46four,464,4,4,44
mxblldfxdxbxgltjzvx283,283,2,3,23
fone97mszqxhseven5,19775,1,5,15
9threenine4,9394,9,4,94
sixvbshdqvjngeightthreerpfhbrx2,6832,6,2,62
krbtwone4ninetwohx6mprpvkp1,2149261,2,1,21
cftlseven6eightnine,7689,7,9,79
twoqdrnvvqgkvmlgljdljvbvc9,29,2,9,29
seveneightmbbdlsssrjhsffdlfll1,781,7,1,71
8pdkgszhfj,8,8,8,88
f8,8,8,8,88
2cvbxndjfournine194sixfive,24919465,2,5,25
qctzrvbfonethree6,136,1,6,16
two3foursevenbsixtwonvmpsdqfmjfb,234762,2,2,22
qrcvxvdngmzrs7cjrpkhrhzsix4five3seven,764537,7,7,77
83hone65,83165,8,5,85
threefour4fourbbhgbzrdsix,34446,3,6,36
tcnoneightms4nqp4351,1844351,1,1,11
4eightzscdfcfms5,485,4,5,45
9two9rqbkxggthreethreesevenhnnnq,929337,9,7,97
mxngggxnineeightxjzmf3six9,98369,9,9,99
99gscgrdz3fourthreeppkgczb,99343,9,3,93
49258fivehkjlcxdq,492585,4,5,45
vdzlp67bkhdfpjkh9,679,6,9,69
onethreetwo1foureighthltfive,1321485,1,5,15
3rpkvlrzd,3,3,3,33
threenineptdjgzmcthreefour7,39347,3,7,37
2oneqrjhmqzk48,2148,2,8,28
threehjqbmbgdn5,35,3,5,35
tbnjv46sixljhmsf7vtrnr7,46677,4,7,47
eight98onepsmdcpkgssevenqrhc,89817,8,7,87
8jjhzgm8four,884,8,4,84
fourseven4twobkbxrmjmzz7mnjzttsix6,4742766,4,6,46
ninedv4onefzc,941,9,1,91
seven5fivefive8scrmc5,755585,7,5,75
3four656,34656,3,6,36
42ggpjxtpfsflxffxdnscjbs,42,4,2,42
fivefivetwofour7seven39,55247739,5,9,59
37pvxpmszcjtgnvkh,37,3,7,37
eight71three2one,871321,8,1,81
eightsixsevenone6,86716,8,6,86
lrrqcm1cktlbhng2qjxfcchzfr,12,1,2,12
eightnineseveneight6pqvqdqmk,89786,8,6,86
8cmxrcmjkhckvxbtlxzx2eight9cqzb51eightwos,82895182,8,2,82
zngbcxskdvnccgrhbcc688,688,6,8,68
844fkkvffrqsixgfdsccgtwosixgkmkp,844626,8,6,86
nmmeightwo8ninencqlbbgcv6x,82896,8,6,86
5352jvlnrcdj,5352,5,2,52
4fourfour7gdkkseven6,444776,4,6,46
bfxzk5fourqmgtmtjvmbcl,54,5,4,54
sevenqxdzcsnbneight88sixbnkqgsone,788861,7,1,71
3twosix,326,3,6,36
xjdphbsfnqhqntcmsixtwokl4xcbmxgxnbp94,62494,6,4,64
mjhhzggdltwoone3sixtwo1sixtk,2136216,2,6,26
5onevdrkgdsgr6bdzjlthree,5163,5,3,53
ninesevenfhkgdlgvlcpsfourpm6sfive,97465,9,5,95
bghpthree7pdgtvhzninefivezgsxfsngm,3795,3,5,35
two878ffjrq39bfkbqlrsjj,287839,2,9,29
three978,3978,3,8,38
two1cxqlhsrr28,2128,2,8,28
fivex6,56,5,6,56
86threevhrzcrfive2six,863526,8,6,86
mghpkvxt7226,7226,7,6,76
3262hxgseventwolqbtfttwo,3262722,3,2,32
6three5sevennbslxgvlxl1fivemdqtvp,635715,6,5,65
ntwone5znpvscmkffour,2154,2,4,24
tvtkjdrgv4,4,4,4,44
95ninefive7gzljcmxklthreebjkxjdkcdghnj,959573,9,3,93
four6bgdsevenfiveeightfour,467584,4,4,44
5rkkglzccsdqcp35seveneight2,535782,5,2,52
hrdlgtslrtp2,2,2,2,22
3kvrlxntlthfour,34,3,4,34
61ccfqjdh4sevenkdcmone,61471,6,1,61
lcsdjgkg4,4,4,4,44
sixxmfphssixninefivefive9fivefive,66955955,6,5,65
four52shspfjkppdng,452,4,2,42
8dp8fourhdcsmtfvxv,884,8,4,84
tqp8sevenkvvzpsxts6cqgmzzdxqvmeight2,87682,8,2,82
36bpbjspbms8,368,3,8,38
nine8onehvbh,981,9,1,91
9vhthfzjcdv,9,9,9,99
ninezvdpv267,9267,9,7,97
526vctfvbsfive,5265,5,5,55
two5qcmzmgrhjm,25,2,5,25
cpdxfkqlhkthreerrbxzgbglmlvzqpk8,38,3,8,38
2threetncvhvpqtjsixeightninesbqzfrnhhf,23689,2,9,29
2513,2513,2,3,23
smrdxrzcssevenonerbsrkdbgxsevenjtbl1,7171,7,1,71
cdhjhgmdlldvpc64fivebvljninesd,6459,6,9,69
five41nine2four,541924,5,4,54
sixsevenninekg91four4three,67991443,6,3,63
vhvqhxrlkstwonine5,295,2,5,25
threejrvchvlxd6sxtmnszjrsdxfpg6eight2two,366822,3,2,32
7dmmrtzcfivet,75,7,5,75
fivenine4fourltrnsd2fourqpkxb,594424,5,4,54
54four,544,5,4,54
9dhpnplgmmrfgpvdvh,9,9,9,99
skczmbgddnmz3mvssdeightonebfbrtzzkgnrpdv,381,3,1,31
threesixsh28seven94,3628794,3,4,34
three78nine9,37899,3,9,39
one26fivejcjxtkrnine,12659,1,9,19
ctkdmhtrjxeight7fourmzrnjxhdsthreeeight7,874387,8,7,87
fttprqpsm3bxcggksfqssh,3,3,3,33
f2zvdvfnz14lgrmhq,214,2,4,24
nine58nine,9589,9,9,99
dsfjxsixhmkfzbveight4xggfour,6844,6,4,64
8mqldjrtttg2six688lfrg,826688,8,8,88
five7kpzkf,57,5,7,57
qpjh31,31,3,1,31
lqnnrzvbrfd15,15,1,5,15
73four,734,7,4,74
three73seven7sixzfivexjkmnbf,3737765,3,5,35
96h2,962,9,2,92
spljjjz9four,94,9,4,94
516,516,5,6,56
dqkmkg478sixsevenmtwo,478672,4,2,42
fourvmnmqhtbxptmmd6,46,4,6,46
eight96nttshld9vgrkdkcjjrt4,89694,8,4,84
bvggdvfivemrbnntgv4three8nrbcb,5438,5,8,58
4862,4862,4,2,42
zpthreesixsixseveneight5czlkkbhd,366785,3,5,35
fourxb5,45,4,5,45
vzdxoneknvvm7sixzd5fn,1765,1,5,15
29onenine,2919,2,9,29
rlzzdppslfivethreendjghpvpq813six,538136,5,6,56
6eightvkxmr,68,6,8,68
399,399,3,9,39
4nbhjgrq41xjpjp,441,4,1,41
six2four42nine1mbtbrhcxq2,62442912,6,2,62
pqgrtqsfjnzbfq18fiverxltgd9eight,18598,1,8,18
rgpkxtj6oneone3dmcbtxgtsrcfmxkd,6113,6,3,63
md8drvkonespbkfsevennxgkh,817,8,7,87
two64one73nq,264173,2,3,23
one7twossdmp,172,1,2,12
8mlfxjssseven,87,8,7,87
ghtninefive7fiveonefournlpsd,957514,9,4,94
six38,638,6,8,68
kpfnnfour4five1679,4451679,4,9,49
hjtzgrvfmvone1xt21,1121,1,1,11
4lgdztmfdrxqjsgflgnbldmhgvbcqcvbkd9sixthreenvgtmpkjnd,4963,4,3,43
8onekjghzcvmlonetwo4,81124,8,4,84
vzvgs5266jmrl5,52665,5,5,55
bleight7,87,8,7,87
tkkhzconeszjvnkrbsveightlfqs18,1818,1,8,18
srkzcmgseveneight43zhfbl8six4,7843864,7,4,74
qkmrmhxxb96rqrzfp2qcptqvjm99,96299,9,9,99
tftwo6cqd,26,2,6,26
6fourxssnsfhcn,64,6,4,64
hgpfnbzxbxdjrbrjln5794lbgrs,5794,5,4,54
sevenfour1gmvcfkzzfhpnffsfour4bcone,741441,7,1,71
bfxbvcfj7,7,7,7,77
zsx32htdfsjzssix7,3267,3,7,37
ssdnnd6kdmvqnffpvvpeight63five,68635,6,5,65
4tznccdhjz7375x5xmgtnjb,473755,4,5,45
282954threezhrhfcdcqbsgsv,2829543,2,3,23
87,87,8,7,87
twoonesixvczfhjmpdh2hkdh9,21629,2,9,29
7rkhk,7,7,7,77
ktwonenine6tjczeight8kzkxmmhpbd5one,21968851,2,1,21
2gvfrrhneightsixnine4rxkvp,28694,2,4,24
963reight,9638,9,8,98
eightklkqcn3threetbcxhkm,833,8,3,83
qmlr5onegrcggpcsftmcphp,51,5,1,51
3ft49two,3492,3,2,32
2xnsbrv9,29,2,9,29
lrcslkgkninehghhfive452zvlszp,95452,9,2,92
fourtwoeight2one,42821,4,1,41
6kjrcfivefqmtwoqrcpncpt2,6522,6,2,62
rcdfk1eight1fournhzpvslq,1814,1,4,14
sztlrrktt4four5onesbjvd,4451,4,1,41
qdp3,3,3,3,33
vdmcnjkqjvn6fxnmzdrmsgbm,6,6,6,66
lhmonegqddt7sixrxcqpfbdfvbgrhjhf,176,1,6,16
sixone8,618,6,8,68
9bdgczsxq6four,964,9,4,94
keightwo1cmlshtwofourksgbvfxvb,82124,8,4,84
lc3eightngglstsgqz6sevennine,38679,3,9,39
7qmseven557drgtjcz,77557,7,7,77
nqvhqtbqseven6fivefive2,76552,7,2,72
six47gfjfkcgxone,6471,6,1,61
qmxvfzhzckx3,3,3,3,33
nine4qdfreighteightfournine,948849,9,9,99
86ninesix,8696,8,6,86
xzjsdplszj3mrtlrtqonesix9,3169,3,9,39
ksmfjng3nineggtfmnb,39,3,9,39
fourtwo5ninejtxdpthfv,4259,4,9,49
foursixsevensixonemjhbjnffourq4,4676144,4,4,44
twodvfffeight9sevenninetwojj5,2897925,2,5,25
1one4nine,1149,1,9,19
twofvcjszbmsltxh317vvq8six,231786,2,6,26
onejfmqnlqnlzlh4,14,1,4,14
9sevengggskjzkr,97,9,7,97
7796twohqccmzbfneightkhtwoneh,77962821,7,1,71
zkrv48seventwo92five,4872925,4,5,45
6blv,6,6,6,66
2ztztlsqjvpm4,24,2,4,24
7lsvmnkhvjmknsndcrb5,75,7,5,75
lnttk8fivesevenvxqzrzfour,8574,8,4,84
5twopzczlqrrgm8one,5281,5,1,51
6xvhrpzkbkvsix,66,6,6,66
two21rvfnsdmqq,221,2,1,21
38jvthkzntnfr11three6one,3811361,3,1,31
7z,7,7,7,77
one5fivesix,1556,1,6,16
gmmdgczbvbrqkfhtv73rktsshh,73,7,3,73
crmqmlbxs1five,15,1,5,15
klbqjnxlsix76,676,6,6,66
4rpvqnl3tbzrxmzt8sixthreefour,438634,4,4,44
8pkmhdfourzzbfhxtpjggqvbtvrzfiver8,8458,8,8,88
2one2tworbhjldv5,21225,2,5,25
zvrbvpxqj96eight,968,9,8,98
onezvmczthblv4cgddmmhfivej,145,1,5,15
2zffhnpkbkhrmrksxjqfjztxrbts,2,2,2,22
qjrrkhplk2nl,2,2,2,22
ks73,73,7,3,73
mxtvxfqdphlvvkkkxntcffour34qcgns6,4346,4,6,46
twoeightrpfpdksq8nine72gkxlvmqmlj,288972,2,2,22
jkqeightwojzmfjdgt15ninehgthxf,82159,8,9,89
one9grbzt,19,1,9,19
2pprfzbjp,2,2,2,22
kxnchhthreexthzfjqz53,353,3,3,33
f6four7mttnqsvzmbsqljdzqhcpnprscsggvvsevennine,64779,6,9,69
5five1t,551,5,1,51
4seveneight3nine5,478395,4,5,45
7sc,7,7,7,77
sevenonegmfcqmdv3tzvsgmeighteight,71388,7,8,78
fqgmpklfjonevjppghglqcvzthree79six,13796,1,6,16
bthreefivedqxsxlbfjjgzgbzdf21five,35215,3,5,35
nineone3,913,9,3,93
five7tpfvdjvtpbtbrtsevenfoureightrfflhhgx,57748,5,8,58
nine8one7dcgrczs1xrqxtfive4,9817154,9,4,94
rd5threefour1vpkcls,5341,5,1,51
cshxmsz4two7onecgzkpfivelhcxgdpmx,42715,4,5,45
sevensqrpfcfv93nt,793,7,3,73
onetqxjsrlzfhgt465two,14652,1,2,12
fqdfvgfhdeight3four5sixseventhreetwoneqfd,834567321,8,1,81
krltgfglsevenzjdv4five6,7456,7,6,76
5three54,5354,5,4,54
84rsx,84,8,4,84
n58,58,5,8,58
1qc1three4twosix71,11342671,1,1,11
363,363,3,3,33
7bg5eightsxnkcdsdfx,758,7,8,78
2fivetwo,252,2,2,22
nineeight9seven,9897,9,7,97
8nqqnine2,892,8,2,82
ljlmfzbzcbone48,148,1,8,18
nbpnjb6threesix69fourgjxxtzp7,6366947,6,7,67
7fourgrqj,74,7,4,74
ftvzmv4ck698,4698,4,8,48
onenine6sixl,1966,1,6,16
qvtrkhpnv62gslfivekzbzpnrqrm,625,6,5,65
9sixkjxsbzfnhj5gbdqrtczlhzjhzl,965,9,5,95
nine1seven,917,9,7,97
4sixqhnqvdseventhree1,46731,4,1,41
8prqonespxk24jlxkh4,81244,8,4,84
74mrhsmxnbnhbjrf,74,7,4,74
one6mm66jccznbtjnfour1,166641,1,1,11
521fsvn,521,5,1,51
qqninethree756fgrckrnxk3,937563,9,3,93
seven2twosixfourr,72264,7,4,74
9ninechrpncvqfone1,9911,9,1,91
87rfpsgp9thrsix,8796,8,6,86
cjphxnxkhx6gqzngzzbd,6,6,6,66
vsl2seven2,272,2,2,22
3bgjzmqbvvbhvmmvcnnttsqqqcjngtxmdnrf8,38,3,8,38
gknfive14four3twoeight,5144328,5,8,58
xtvbhct7three622sl4eight,7362248,7,8,78
9fivefourbxxqpczdn4two,95442,9,2,92
twonine3eightplqjnljhgthree,29383,2,3,23
fivehlrxpvtxm5,55,5,5,55
1fjmzkdgmlvtxlcztblfknrqnsp5ddftwo,152,1,2,12
vvhxgmgtsixglcxsqlxnhhvldh7seven19,67719,6,9,69
dqhjtgsbjtphkfsthree3one3bhbvvjxgp,3313,3,3,33
sfxhzvttvjtvbsneight9eighttwo,8982,8,2,82
26nine65one8,2696518,2,8,28
kbcbcssevenmq13sevensevenbhfjldzfvbckztfv,71377,7,7,77
fsqmpnxrfn7tbxkfzfltctl7,77,7,7,77
two7twotwo3,27223,2,3,23
3cqgzdxhggqlveightr1sevenqgxtptmfvrfour,38174,3,4,34
qcmfn3,3,3,3,33
four8five2sixnrdt,48526,4,6,46
onenine6kppc7seveneight27,19677827,1,7,17
3dv132,3132,3,2,32
npjkktn2,2,2,2,22
eighteighthkkmtpcjzmnqxg5bxpfgrxvtqthree,8853,8,3,83
fourfour19dfqpnzr,4419,4,9,49
sixkl28twopgzgfvlvfnm,6282,6,2,62
eightsixsixfhfljfkpg9,8669,8,9,89
sevenfnxbmzr7ssfhvssnzsrfs,77,7,7,77
six3onenine,6319,6,9,69
sixone25hdvmm,6125,6,5,65
mnz2threecnsbvjsh376six,233766,2,6,26
one4one,141,1,1,11
xbvxnvrppxsvppnd2rstpjnvmhglsdmbk1,21,2,1,21
tvlvk4shmlkqmmhfddbgbjfourcpx9qfhrrnine,4499,4,9,49
4nrnxppcseven5,475,4,5,45
one86gchcvlfc5ninenjhpckffzfour,186594,1,4,14
4q2jlccvmgcnj17,4217,4,7,47
v5283seven2hpch2,5283722,5,2,52
sixeightjsjbclsxmhpxqcx78zgcnfqcnhtmfdc,6878,6,8,68
six1jh,61,6,1,61
sjgtcrzq7ssgzxccj94sixqqsqv,7946,7,6,76
twodone6five,2165,2,5,25
3nine5seven,3957,3,7,37
8zngrtcjeightfourzqzrbbhs7,8847,8,7,87
pqtthc2dszssv,2,2,2,22
lcpgrkprhksvsg6,6,6,6,66
5seven14cckncpbqjr15,571415,5,5,55
five76tslmpggzcseven49,576749,5,9,59
5six4sjmbqhxxnine6five9,5649659,5,9,59
hslrsq3seven,37,3,7,37
threerhf8three5,3835,3,5,35
4sixnineqtlstseventwoone4,4697214,4,4,44
mfdvqblctd7119xhjh6sevensix,7119676,7,6,76
kshxspjn378bhvqngjjgbsxbglf,378,3,8,38
sxpjbgrfivesixeight5jpvk,5685,5,5,55
63fourm,634,6,4,64
nine372eightjhbjvmsix51,93728651,9,1,91
487sdkxfsevennine,48779,4,9,49
3twofgnjpmsrtl,32,3,2,32
1pqxthreemvlbqlbmshzfiveone,1351,1,1,11
2fxvnb62five,2625,2,5,25
six96threethree1bfpbmgzt,696331,6,1,61
fourthreerdjkhfmmzbqrkvlkt8eight9,43889,4,9,49
5tzclzmfx5,55,5,5,55
seven5fourcxngd,754,7,4,74
dtbxxbhqfs4honeninesevenzdtvzcnmz,4197,4,7,47
six94,694,6,4,64
tb8sfm7fngplpbprfour,874,8,4,84
52vlpsldp8ltspbsninefourcsrcp,52894,5,4,54
two56,256,2,6,26
1rhxpdkgnhmlcpzrnkcpplpftbs,1,1,1,11
fivejjlfp11three7tdk2six,5113726,5,6,56
bkkltsfzhp4,4,4,4,44
xszczgrt33,33,3,3,33
6sevencjvbzrszx9twotwofive,679225,6,5,65
eight5636eightxpd3,8563683,8,3,83
twoninefiveeightbmfhtgrksix5four,2958654,2,4,24
795bczlkm1vchhbgntpthreefmvfplk,79513,7,3,73
zsl5rlffhdpz22,522,5,2,52
9twotscnjtttone3five6four,9213564,9,4,94
foursixthreeeight6rcrtzpr5,463865,4,5,45
kc8eight,88,8,8,88
7fourqnmqeightlxnxlzvznsvsonefour,74814,7,4,74
xnpcbth7eightfjxz4twofiveone,784251,7,1,71
two3twotjmtbzc,232,2,2,22
knj995hhs18,99518,9,8,98
flnine8qklfchbfivethreesp,9853,9,3,93
1sevennine1onethreeseventhree,17911373,1,3,13
foureightdbtsntzzmsdone17eight,481178,4,8,48
38sevenfkbm7nmmtrcxd5,38775,3,5,35
1bmknc6eightfour8five,168485,1,5,15
3eight2,382,3,2,32
nine5six11tqsh,95611,9,1,91
6onehgfr5pbljsp,615,6,5,65
hrgbjqzmd667,667,6,7,67
2fhlqvk8fggmseventwoqthreeknt,28723,2,3,23
1zpfmlgxbg49five9twondktfn,149592,1,2,12
mbghltchlbghrplzdp1hhzfzvjonegszlbrqdfn,11,1,1,11
threechdshmnbfpfhvhlfourqfsix23,34623,3,3,33
thcbzmmmbmcnineccvsrpqdgcbjldqdvhqqmzvz66,966,9,6,96
zmlxnine4zmbqkjxnclninefourjrddc,9494,9,4,94
onegdnccqfn57dhsxqzpqhjnxzk,157,1,7,17
ncgvtt148nsgmd,148,1,8,18
2eightxjzvrgd2stsbfmdfp,282,2,2,22
2oneone84sevenonedl,2118471,2,1,21
eightseven51dmcrftxmgvjc3,87513,8,3,83
mxstpzpstwo4njlffxpkfseven129sxn,247129,2,9,29
foursixjdq2svlsscl9,4629,4,9,49
4gvbkcrkpbqkfdxbtvfive,45,4,5,45
1fivefpgfptknhfivesevenhthrdkmqr,1557,1,7,17
1vztq1fpqltwofoureightseven9,1124879,1,9,19
7threerkbjsmstwoxrnmcpgrzg,732,7,2,72
75lfjpfzhl,75,7,5,75
8jcdtqhc,8,8,8,88
twofngdlrpk7,27,2,7,27
bsskd18,18,1,8,18
oneninerq5one3hvsssmkfive,195135,1,5,15
six1vbxsnktv,61,6,1,61
five63,563,5,3,53
jjkzhm6mnjqkzfpqeight6,686,6,6,66
6tvpfmvfivegvfbxc,65,6,5,65
oneqgfptrlqsr3qschjjxfour3,1343,1,3,13
2155slkvtwobqsd2six,2155226,2,6,26
rrxtlsnthreesixfour38fourtdn,364384,3,4,34
9onebptxrbfxtrldzxf,91,9,1,91
51one472five9,51147259,5,9,59
tt9914,9914,9,4,94
3ncvnxdzzsllcxvrnsf4one4,3414,3,4,34
1fourdnsjscnhzgsspdrone8five2,141852,1,2,12
two3crndvmtgseightone,2381,2,1,21
38tworrtprmtwo21zctwo,3822212,3,2,32
9sevenfivebcbdckflh58rbrftfv,97558,9,8,98
jfknvsmpdtwoeightthzvqr3dqvmmxqps,283,2,3,23
eight9rdgmsdkz,89,8,9,89
752ninekjvqrm,7529,7,9,79
fourthreekbkphksmhv2lrdjqrjtvk,432,4,2,42
9sixthreenine5csnndtgjtrbkdkqrccftxmzmj,96395,9,5,95
3onefourfoursevenxdzcrhveight,314478,3,8,38
hdnbvczvbmdqtk8four3879,843879,8,9,89
sixsptcfmqsnzloneonefive5,61155,6,5,65
tccqbtfjqglmvmnine53bgzzcqkfp,953,9,3,93
nfour3lmbvsls,43,4,3,43
foureightsix59nine7,4865997,4,7,47
3jpzvpzxqgrqdone,31,3,1,31
1one939,11939,1,9,19
28vsdl,28,2,8,28
1fourxneightoneknsixmr,14816,1,6,16
fivelmnpsfxmv47,547,5,7,57
lqgqvcczjmbrbgqpq47tjhgxptxfzdpkbc,47,4,7,47
sfmd895hsf2,8952,8,2,82
976cjqtgqone69,976169,9,9,99
3hdmdfrbm26sggqpfive1,32651,3,1,31
259pzchvvrbcvhklhbr9five,25995,2,5,25
ftnfivebzdkq8,58,5,8,58
6four3,643,6,3,63
threetxgc2htprtqqj5fouroneightlf,325418,3,8,38
one492six7rzpxpfourone,14926741,1,1,11
twoeightnine8,2898,2,8,28
sixeightxpcpfqmnlgseven7one,68771,6,1,61
zzpkbmh6six46four739,66464739,6,9,69
ninefivejqnfqvmctwo1,9521,9,1,91
three9sixqtdgqmfour24,396424,3,4,34
fddrhjk2,2,2,2,22
bqrdqqtkv6sqqdthree,63,6,3,63
g4four8rhggvkmjxbhszh,448,4,8,48
hfmqlrvknklhvnxrqztffive6bndcljvgzlnc8,568,5,8,58
4ljbgjvllx6vvfc4,464,4,4,44
one3rrbseven3sevenpnnrnrz6,137376,1,6,16
sbb2sixnine8,2698,2,8,28
znlgdncm99twofmhmftsnlk,992,9,2,92
dppfive4fsnxctq,54,5,4,54
sevenrpxdcn1eightmvx,718,7,8,78
8ninefivegzk7ftqbceightwogfv,895782,8,2,82
hxlxggmkrqzbtfmdqxfdnineeight71,9871,9,1,91
ghtbmmrdfh4twoeight,428,4,8,48
fourfive14lgonegdxjrpx5four,4514154,4,4,44
61gdrpn7two1four,617214,6,4,64
eightqhxvgqpvgxnmmonefourdpkqsmzm5k,8145,8,5,85
fktwone4ninennnjdccftwothreetwo,2149232,2,2,22
seveneightmgqfcfczxsthrxhq3zcthsrxshddnlxronekdhqmmbhzd,7831,7,1,71
nsbtggzgjx3eighttpkhkvknpsqxsevenvh8,3878,3,8,38
1sevenseven7ld,1777,1,7,17
